{
    "loss": 5.894167900085449,
    "accuracy": 0.6630434989929199
}